"Date & Time","Value"
"2017-04-24 00:04:05","73.95"
"2017-04-24 00:09:12","74.01"
"2017-04-24 00:14:17","74.01"
"2017-04-24 00:19:21","74.01"
"2017-04-24 00:24:29","74.01"
"2017-04-24 00:29:31","74.01"
"2017-04-24 00:34:36","74.01"
"2017-04-24 00:39:41","74.01"
"2017-04-24 00:44:48","74.07"
"2017-04-24 00:49:52","74.07"
"2017-04-24 00:54:57","74.07"
"2017-04-24 01:00:02","74.07"
"2017-04-24 01:05:07","74.07"
"2017-04-24 01:10:12","74.07"
"2017-04-24 01:15:20","74.13"
"2017-04-24 01:20:25","74.13"
"2017-04-24 01:25:29","74.13"
"2017-04-24 01:30:34","74.13"
"2017-04-24 01:35:38","74.13"
"2017-04-24 01:40:43","74.13"
"2017-04-24 01:45:50","74.2"
"2017-04-24 01:50:55","74.2"
"2017-04-24 01:56:00","74.2"
"2017-04-24 02:01:05","74.2"
"2017-04-24 02:06:10","74.2"
"2017-04-24 02:11:15","74.2"
"2017-04-24 02:26:31","74.26"
"2017-04-24 02:31:36","74.26"
"2017-04-24 02:36:41","74.26"
"2017-04-24 02:41:46","74.26"
"2017-04-24 02:46:53","74.32"
"2017-04-24 02:51:58","74.32"
"2017-04-24 02:57:04","74.32"
"2017-04-24 03:02:08","74.32"
"2017-04-24 03:07:12","74.32"
"2017-04-24 03:12:17","74.32"
"2017-04-24 03:17:24","74.32"
"2017-04-24 03:22:29","74.32"
"2017-04-24 03:27:34","74.32"
"2017-04-24 03:32:39","74.32"
"2017-04-24 03:37:45","74.32"
"2017-04-24 03:42:48","74.32"
"2017-04-24 03:47:55","74.32"
"2017-04-24 03:53:00","74.32"
"2017-04-24 03:58:08","74.32"
"2017-04-24 04:03:10","74.32"
"2017-04-24 04:08:15","74.32"
"2017-04-24 04:13:19","74.32"
"2017-04-24 04:18:24","74.32"
"2017-04-24 04:23:31","74.32"
"2017-04-24 04:28:35","74.32"
"2017-04-24 04:33:40","74.32"
"2017-04-24 04:38:45","74.32"
"2017-04-24 04:43:51","74.32"
"2017-04-24 04:48:54","74.32"
"2017-04-24 04:54:01","74.44"
"2017-04-24 04:59:06","74.44"
"2017-04-24 05:04:12","74.44"
"2017-04-24 05:09:15","74.44"
"2017-04-24 05:14:20","74.44"
"2017-04-24 05:19:25","74.44"
"2017-04-24 05:24:32","74.5"
"2017-04-24 05:29:40","74.5"
"2017-04-24 05:34:42","74.5"
"2017-04-24 05:39:47","74.5"
"2017-04-24 05:44:52","74.5"
"2017-04-24 05:49:57","74.5"
"2017-04-24 05:55:04","74.5"
"2017-04-24 06:00:09","74.5"
"2017-04-24 06:05:15","74.5"
"2017-04-24 06:10:19","74.5"
"2017-04-24 06:15:24","74.5"
"2017-04-24 06:20:28","74.5"
"2017-04-24 06:25:36","74.5"
"2017-04-24 06:30:40","74.5"
"2017-04-24 06:35:46","74.5"
"2017-04-24 06:40:50","74.5"
"2017-04-24 06:45:55","74.5"
"2017-04-24 06:51:02","74.5"
"2017-04-24 06:56:06","74.56"
"2017-04-24 07:01:11","74.56"
"2017-04-24 07:06:16","74.56"
"2017-04-24 07:11:21","74.56"
"2017-04-24 07:16:26","74.56"
"2017-04-24 07:21:30","74.56"
"2017-04-24 07:26:38","74.56"
"2017-04-24 07:31:42","74.56"
"2017-04-24 07:36:47","74.56"
"2017-04-24 07:41:52","74.56"
"2017-04-24 07:46:57","74.56"
"2017-04-24 07:52:02","74.56"
"2017-04-24 07:57:09","74.62"
"2017-04-24 08:02:13","74.62"
"2017-04-24 08:07:18","74.62"
"2017-04-24 08:12:24","74.62"
"2017-04-24 08:17:28","74.62"
"2017-04-24 08:22:33","74.62"
"2017-04-24 08:27:37","74.62"
"2017-04-24 08:32:44","74.68"
"2017-04-24 08:37:49","74.68"
"2017-04-24 08:42:57","74.68"
"2017-04-24 08:47:59","74.68"
"2017-04-24 08:53:04","74.68"
"2017-04-24 08:58:09","74.68"
"2017-04-24 09:03:16","74.81"
"2017-04-24 09:08:21","74.81"
"2017-04-24 09:13:27","74.81"
"2017-04-24 09:18:30","74.81"
"2017-04-24 09:23:35","74.81"
"2017-04-24 09:28:40","74.81"
"2017-04-24 09:33:48","74.44"
"2017-04-24 09:38:52","74.44"
"2017-04-24 09:43:57","74.44"
"2017-04-24 09:49:02","74.44"
"2017-04-24 09:54:07","74.44"
"2017-04-24 09:59:12","74.44"
"2017-04-24 10:04:20","73.77"
"2017-04-24 10:09:24","73.77"
"2017-04-24 10:14:30","73.77"
"2017-04-24 10:19:34","73.77"
"2017-04-24 10:24:39","73.77"
"2017-04-24 10:29:44","73.77"
"2017-04-24 10:34:51","69.13"
"2017-04-24 10:39:59","64.06"
"2017-04-24 10:45:03","64.06"
"2017-04-24 10:50:08","64.06"
"2017-04-24 10:55:13","64.06"
"2017-04-24 11:00:19","64.06"
"2017-04-24 11:05:23","64.06"
"2017-04-24 11:10:31","60.16"
"2017-04-24 11:15:35","60.16"
"2017-04-24 11:20:40","60.16"
"2017-04-24 11:25:45","60.16"
"2017-04-24 11:30:50","60.16"
"2017-04-24 11:35:55","60.16"
"2017-04-24 11:41:03","58.08"
"2017-04-24 11:46:07","58.08"
"2017-04-24 11:51:13","58.08"
"2017-04-24 11:56:18","58.08"
"2017-04-24 12:01:25","58.08"
"2017-04-24 12:06:30","58.08"
"2017-04-24 12:11:36","58.08"
"2017-04-24 12:16:41","58.08"
"2017-04-24 12:21:46","58.08"
"2017-04-24 12:26:52","58.08"
"2017-04-24 12:32:00","59.79"
"2017-04-24 12:37:05","59.79"
"2017-04-24 12:42:13","59.79"
"2017-04-24 12:47:16","59.79"
"2017-04-24 12:52:24","59.79"
"2017-04-24 12:57:27","59.79"
"2017-04-24 13:02:34","59.79"
"2017-04-24 13:07:40","61.13"
"2017-04-24 13:12:45","61.13"
"2017-04-24 13:17:52","61.13"
"2017-04-24 13:22:56","61.13"
"2017-04-24 13:28:02","61.13"
"2017-04-24 13:33:08","61.13"
"2017-04-24 13:38:16","61.62"
"2017-04-24 15:15:31","65.04"
"2017-04-24 15:20:41","65.04"
"2017-04-24 15:30:52","63.21"
"2017-04-24 15:35:55","63.21"
"2017-04-24 15:41:00","63.21"
"2017-04-24 15:46:06","63.21"
"2017-04-24 15:51:12","63.21"
"2017-04-24 15:56:23","64.43"
"2017-04-24 16:01:25","64.43"
"2017-04-24 16:06:30","64.43"
"2017-04-24 16:11:35","64.43"
"2017-04-24 16:16:45","64.43"
"2017-04-24 16:21:51","64.43"
"2017-04-24 16:26:54","60.77"
"2017-04-24 16:31:59","60.77"
"2017-04-24 16:37:04","60.77"
"2017-04-24 16:42:10","60.77"
"2017-04-24 16:47:15","60.77"
"2017-04-24 16:52:20","60.77"
"2017-04-24 16:57:28","58.75"
"2017-04-24 17:02:33","58.75"
"2017-04-24 17:07:40","58.75"
"2017-04-24 17:12:43","58.75"
"2017-04-24 17:17:57","58.75"
"2017-04-24 17:28:04","57.65"
"2017-04-24 17:33:07","57.65"
"2017-04-24 17:38:12","57.65"
"2017-04-24 17:44:25","57.65"
"2017-04-24 18:04:43","62.66"
"2017-04-24 18:08:47","62.66"
"2017-04-24 18:13:52","62.66"
"2017-04-24 18:18:57","62.66"
"2017-04-24 18:24:03","62.66"
"2017-04-24 18:29:10","66.93"
"2017-04-24 18:34:15","66.93"
"2017-04-24 18:39:20","66.93"
"2017-04-24 18:44:26","66.93"
"2017-04-24 18:49:31","66.93"
"2017-04-24 18:54:36","66.93"
"2017-04-24 18:59:44","67.91"
"2017-04-24 19:04:51","62.9"
"2017-04-24 19:09:56","62.9"
"2017-04-24 19:15:01","62.9"
"2017-04-24 19:20:09","57.9"
"2017-04-24 19:25:14","57.9"
"2017-04-24 19:30:19","57.9"
"2017-04-24 19:35:24","57.9"
"2017-04-24 19:40:30","57.9"
"2017-04-24 19:45:36","57.9"
"2017-04-24 19:50:43","56.37"
"2017-04-24 19:55:48","56.37"
"2017-04-24 20:00:53","56.37"
"2017-04-24 20:05:58","56.37"
"2017-04-24 20:11:06","61.38"
"2017-04-24 20:16:11","61.38"
"2017-04-24 20:21:16","61.38"
"2017-04-24 20:26:21","61.38"
"2017-04-24 20:31:27","61.38"
"2017-04-24 20:36:32","61.38"
"2017-04-24 20:41:40","64.49"
"2017-04-24 20:46:45","64.49"
"2017-04-24 20:51:50","64.49"
"2017-04-24 20:56:56","64.49"
"2017-04-24 21:02:01","64.49"
"2017-04-24 21:07:06","64.49"
"2017-04-24 21:12:14","65.77"
"2017-04-24 21:17:18","65.77"
"2017-04-24 21:22:23","65.77"
"2017-04-24 21:27:28","65.77"
"2017-04-24 21:32:34","65.77"
"2017-04-24 21:37:39","65.77"
"2017-04-24 21:42:47","66.32"
"2017-04-24 21:47:52","66.32"
"2017-04-24 21:52:57","66.32"
"2017-04-24 21:58:02","66.32"
"2017-04-24 22:03:07","66.32"
"2017-04-24 22:08:13","66.32"
"2017-04-24 22:13:20","66.08"
"2017-04-24 22:18:25","66.08"
"2017-04-24 22:23:30","66.08"
"2017-04-24 22:28:35","66.08"
"2017-04-24 22:33:40","66.08"
"2017-04-24 22:38:46","66.08"
"2017-04-24 22:43:53","67.24"
"2017-04-24 22:48:58","67.24"
"2017-04-24 22:54:04","67.24"
"2017-04-24 22:59:09","67.24"
"2017-04-24 23:04:14","67.24"
"2017-04-24 23:09:19","67.24"
"2017-04-24 23:14:27","68.7"
"2017-04-24 23:19:32","68.7"
"2017-04-24 23:24:37","68.7"
"2017-04-24 23:29:42","68.7"
"2017-04-24 23:34:47","68.7"
"2017-04-24 23:39:52","68.7"
"2017-04-24 23:44:57","68.7"
"2017-04-24 23:50:05","68.82"
"2017-04-24 23:55:09","68.82"
"2017-04-25 00:00:15","68.82"
"2017-04-25 00:05:20","68.82"
"2017-04-25 00:10:25","68.82"
"2017-04-25 00:15:30","68.82"
"2017-04-25 00:20:38","69.19"
"2017-04-25 00:25:43","69.19"
"2017-04-25 00:30:48","69.19"
"2017-04-25 00:35:53","69.19"
"2017-04-25 00:40:58","69.19"
"2017-04-25 00:46:04","69.19"
"2017-04-25 00:51:11","69.5"
"2017-04-25 00:56:16","69.5"
"2017-04-25 01:01:21","69.5"
"2017-04-25 01:06:26","69.5"
"2017-04-25 01:11:32","69.5"
"2017-04-25 01:16:37","69.5"
"2017-04-25 01:21:44","70.04"
"2017-04-25 01:26:49","70.04"
"2017-04-25 01:31:54","70.04"
"2017-04-25 01:36:59","70.04"
"2017-04-25 01:42:04","70.04"
"2017-04-25 01:47:09","70.04"
"2017-04-25 01:52:16","70.78"
"2017-04-25 01:57:21","70.78"
"2017-04-25 02:02:26","70.78"
"2017-04-25 02:07:31","70.78"
"2017-04-25 02:12:36","70.78"
"2017-04-25 02:17:41","70.78"
"2017-04-25 02:22:49","70.9"
"2017-04-25 02:27:54","70.9"
"2017-04-25 02:32:59","70.9"
"2017-04-25 02:38:04","70.9"
"2017-04-25 02:43:09","70.9"
"2017-04-25 02:48:14","70.9"
"2017-04-25 02:53:21","70.9"
"2017-04-25 02:58:26","70.9"
"2017-04-25 03:03:31","70.9"
"2017-04-25 03:08:36","70.9"
"2017-04-25 03:13:41","70.9"
"2017-04-25 03:18:46","70.9"
"2017-04-25 03:23:51","70.9"
"2017-04-25 03:28:59","71.2"
"2017-04-25 03:34:04","71.2"
"2017-04-25 03:39:09","71.2"
"2017-04-25 03:44:14","71.2"
"2017-04-25 03:49:19","71.2"
"2017-04-25 03:54:24","71.2"
"2017-04-25 03:59:31","71.08"
"2017-04-25 04:04:36","71.08"
"2017-04-25 04:09:41","71.08"
"2017-04-25 04:14:46","71.08"
"2017-04-25 04:19:51","71.08"
"2017-04-25 04:24:56","71.08"
"2017-04-25 04:30:03","71.57"
"2017-04-25 04:35:08","71.57"
"2017-04-25 04:40:13","71.57"
"2017-04-25 04:45:18","71.57"
"2017-04-25 04:50:24","71.57"
"2017-04-25 04:55:28","71.57"
"2017-04-25 05:00:36","71.63"
"2017-04-25 05:05:41","71.63"
"2017-04-25 05:10:46","71.63"
"2017-04-25 05:15:51","71.63"
"2017-04-25 05:20:56","71.63"
"2017-04-25 05:26:01","71.63"
"2017-04-25 05:31:08","71.51"
"2017-04-25 05:36:13","71.51"
"2017-04-25 05:41:19","71.51"
"2017-04-25 05:46:24","71.51"
"2017-04-25 05:51:29","71.51"
"2017-04-25 05:56:33","71.51"
"2017-04-25 06:01:40","72"
"2017-04-25 06:06:45","72"
"2017-04-25 06:11:50","72"
"2017-04-25 06:16:55","72"
"2017-04-25 06:21:59","72"
"2017-04-25 06:27:04","72"
"2017-04-25 06:32:12","72.06"
"2017-04-25 06:37:16","72.06"
"2017-04-25 06:42:21","72.06"
"2017-04-25 06:47:26","72.06"
"2017-04-25 06:52:31","72.06"
"2017-04-25 06:57:36","72.06"
"2017-04-25 07:02:43","72.06"
"2017-04-25 07:07:48","72.06"
"2017-04-25 07:12:53","72.06"
"2017-04-25 07:17:58","72.06"
"2017-04-25 07:23:03","72.06"
"2017-04-25 07:28:08","72.06"
"2017-04-25 07:33:13","72.06"
"2017-04-25 07:38:20","72.67"
"2017-04-25 07:43:25","72.67"
"2017-04-25 07:48:30","72.67"
"2017-04-25 07:53:35","72.67"
"2017-04-25 07:58:40","72.67"
"2017-04-25 08:03:44","72.67"
"2017-04-25 08:08:52","72.91"
"2017-04-25 08:13:57","72.91"
"2017-04-25 08:19:02","72.91"
"2017-04-25 08:24:07","72.91"
"2017-04-25 08:29:12","72.91"
"2017-04-25 08:34:17","72.91"
"2017-04-25 08:39:24","70.72"
"2017-04-25 08:44:29","70.72"
"2017-04-25 08:49:34","70.72"
"2017-04-25 08:54:39","70.72"
"2017-04-25 08:59:44","70.72"
"2017-04-25 09:04:52","65.71"
"2017-04-25 09:09:56","65.71"
"2017-04-25 09:15:01","65.71"
"2017-04-25 09:20:06","65.71"
"2017-04-25 09:25:11","65.71"
"2017-04-25 09:30:17","65.71"
"2017-04-25 09:35:24","61.38"
"2017-04-25 09:40:30","61.38"
"2017-04-25 09:45:35","61.38"
"2017-04-25 09:50:39","61.38"
"2017-04-25 09:55:44","61.38"
"2017-04-25 10:00:50","61.38"
"2017-04-25 10:05:58","58.63"
"2017-04-25 10:11:03","58.63"
"2017-04-25 10:16:08","58.63"
"2017-04-25 10:21:16","58.63"
"2017-04-25 10:26:19","58.63"
"2017-04-25 10:31:24","58.63"
"2017-04-25 10:36:35","61.26"
"2017-04-25 10:41:37","61.26"
"2017-04-25 10:46:43","61.26"
"2017-04-25 10:51:48","61.26"
"2017-04-25 10:56:53","61.26"
"2017-04-25 11:01:58","61.26"
"2017-04-25 11:07:06","59.97"
"2017-04-25 11:12:11","59.97"
"2017-04-25 11:17:16","59.97"
"2017-04-25 11:22:22","59.97"
"2017-04-25 11:27:27","59.97"
"2017-04-25 11:32:32","59.97"
"2017-04-25 11:37:39","57.78"
"2017-04-25 11:42:44","57.78"
"2017-04-25 11:47:49","57.78"
"2017-04-25 11:52:54","57.78"
"2017-04-25 11:58:00","57.78"
"2017-04-25 12:03:05","57.78"
"2017-04-25 12:08:10","57.78"
"2017-04-25 12:13:18","56.86"
"2017-04-25 12:18:23","56.86"
"2017-04-25 12:23:28","56.86"
"2017-04-25 12:28:32","56.86"
"2017-04-25 12:33:38","56.86"
"2017-04-25 12:38:43","56.86"
"2017-04-25 12:43:50","58.75"
"2017-04-25 12:48:55","58.75"
"2017-04-25 12:54:00","58.75"
"2017-04-25 12:59:05","58.75"
"2017-04-25 13:04:11","58.75"
"2017-04-25 13:09:15","58.75"
"2017-04-25 13:14:22","58.33"
"2017-04-25 13:19:28","58.33"
"2017-04-25 13:24:33","58.33"
"2017-04-25 13:29:38","58.33"
"2017-04-25 13:34:43","58.33"
"2017-04-25 13:39:48","58.33"
"2017-04-25 13:44:55","57.47"
"2017-04-25 13:50:01","57.47"
"2017-04-25 13:55:05","57.47"
"2017-04-25 14:00:10","57.47"
"2017-04-25 14:05:16","57.47"
"2017-04-25 14:10:21","57.47"
"2017-04-25 14:15:29","58.69"
"2017-04-25 14:20:33","58.69"
"2017-04-25 14:25:39","58.69"
"2017-04-25 14:30:43","58.69"
"2017-04-25 14:35:49","58.69"
"2017-04-25 14:40:54","58.69"
"2017-04-25 14:46:01","58.33"
"2017-04-25 14:51:06","58.33"
"2017-04-25 14:56:11","58.33"
"2017-04-25 15:01:17","58.33"
"2017-04-25 15:06:22","58.33"
"2017-04-25 15:11:27","58.33"
"2017-04-25 15:16:35","56.07"
"2017-04-25 15:21:42","56.07"
"2017-04-25 15:26:45","56.07"
"2017-04-25 15:31:50","56.07"
"2017-04-25 15:36:55","56.07"
"2017-04-25 15:42:00","56.07"
"2017-04-25 15:47:06","56.07"
"2017-04-25 15:52:13","56.86"
"2017-04-25 15:57:19","56.86"
"2017-04-25 16:02:24","56.86"
"2017-04-25 16:07:29","56.86"
"2017-04-25 16:12:35","56.86"
"2017-04-25 16:17:43","61.93"
"2017-04-25 16:22:48","61.93"
"2017-04-25 16:27:56","66.99"
"2017-04-25 16:33:01","66.99"
"2017-04-25 16:38:06","66.99"
"2017-04-25 16:43:11","66.99"
"2017-04-25 16:48:17","66.99"
"2017-04-25 16:53:22","66.99"
"2017-04-25 16:58:30","68.58"
"2017-04-25 17:03:35","68.58"
"2017-04-25 17:08:43","63.58"
"2017-04-25 17:13:48","63.58"
"2017-04-25 17:18:53","63.58"
"2017-04-25 17:24:01","68.58"
"2017-04-25 17:29:06","68.58"
"2017-04-25 17:34:12","68.58"
"2017-04-25 17:39:17","68.58"
"2017-04-25 17:44:25","63.39"
"2017-04-25 17:49:30","63.39"
"2017-04-25 17:54:38","58.39"
"2017-04-25 17:59:43","58.39"
"2017-04-25 18:04:48","58.39"
"2017-04-25 18:09:56","58.39"
"2017-04-25 18:14:59","58.39"
"2017-04-25 18:20:04","58.39"
"2017-04-25 18:25:12","54.72"
"2017-04-25 18:30:17","54.72"
"2017-04-25 18:35:23","54.72"
"2017-04-25 18:40:28","54.72"
"2017-04-25 18:45:34","54.72"
"2017-04-25 18:50:39","54.72"
"2017-04-25 18:55:47","53.69"
"2017-04-25 19:00:52","53.69"
"2017-04-25 19:05:57","53.69"
"2017-04-25 19:11:02","53.69"
"2017-04-25 19:16:08","53.69"
"2017-04-25 19:21:13","53.69"
"2017-04-25 19:26:21","53.69"
"2017-04-25 19:31:26","53.69"
"2017-04-25 19:36:31","53.69"
"2017-04-25 19:41:37","53.69"
"2017-04-25 19:46:42","53.69"
"2017-04-25 19:51:47","53.69"
"2017-04-25 19:56:55","53.5"
"2017-04-25 20:02:01","53.5"
"2017-04-25 20:07:06","53.5"
"2017-04-25 20:12:11","53.5"
"2017-04-25 20:17:16","53.5"
"2017-04-25 20:22:22","53.5"
"2017-04-25 20:27:30","52.89"
"2017-04-25 20:32:35","52.89"
"2017-04-25 20:37:40","52.89"
"2017-04-25 20:42:46","52.89"
"2017-04-25 20:47:51","52.89"
"2017-04-25 20:52:56","52.89"
"2017-04-25 20:58:04","51.86"
"2017-04-25 21:03:10","51.86"
"2017-04-25 21:08:15","51.86"
"2017-04-25 21:13:20","51.86"
"2017-04-25 21:18:26","51.86"
"2017-04-25 21:23:34","56.86"
"2017-04-25 21:28:39","56.86"
"2017-04-25 21:33:44","56.86"
"2017-04-25 21:38:49","56.86"
"2017-04-25 21:43:54","56.86"
"2017-04-25 21:48:59","56.86"
"2017-04-25 21:54:07","61.01"
"2017-04-25 21:59:15","61.01"
"2017-04-25 22:04:17","61.01"
"2017-04-25 22:09:23","61.01"
"2017-04-25 22:14:28","61.01"
"2017-04-25 22:19:33","61.01"
"2017-04-25 22:24:41","62.11"
"2017-04-25 22:29:46","62.11"
"2017-04-25 22:34:52","62.11"
"2017-04-25 22:39:57","62.11"
"2017-04-25 22:45:02","62.11"
"2017-04-25 22:50:07","62.11"
"2017-04-25 22:55:15","63.94"
"2017-04-25 23:00:20","63.94"
"2017-04-25 23:05:26","63.94"
"2017-04-25 23:10:31","63.94"
"2017-04-25 23:15:36","63.94"
"2017-04-25 23:20:41","63.94"
"2017-04-25 23:25:49","65.22"
"2017-04-25 23:30:54","65.22"
"2017-04-25 23:35:59","65.22"
"2017-04-25 23:41:05","65.22"
"2017-04-25 23:46:10","65.22"
"2017-04-25 23:51:15","65.22"
"2017-04-25 23:56:26","66.87"
"2017-04-26 00:01:28","66.87"
"2017-04-26 00:06:33","66.87"
"2017-04-26 00:11:39","66.87"
"2017-04-26 00:16:44","66.87"
"2017-04-26 00:21:49","66.87"
"2017-04-26 00:26:54","66.87"
"2017-04-26 00:32:02","67.54"
"2017-04-26 00:37:07","67.54"
"2017-04-26 00:42:12","67.54"
"2017-04-26 00:47:17","67.54"
"2017-04-26 00:52:23","67.54"
"2017-04-26 00:57:28","67.54"
"2017-04-26 01:02:35","67.85"
"2017-04-26 01:07:40","67.85"
"2017-04-26 01:12:46","67.85"
"2017-04-26 01:17:51","67.85"
"2017-04-26 01:22:56","67.85"
"2017-04-26 01:28:01","67.85"
"2017-04-26 01:33:09","67.91"
"2017-04-26 01:38:14","67.91"
"2017-04-26 01:43:19","67.91"
"2017-04-26 01:48:24","67.91"
"2017-04-26 01:53:30","67.91"
"2017-04-26 01:58:37","67.91"
"2017-04-26 02:03:42","68.4"
"2017-04-26 02:08:47","68.4"
"2017-04-26 02:13:52","68.4"
"2017-04-26 02:18:57","68.4"
"2017-04-26 02:24:03","68.4"
"2017-04-26 02:29:08","68.4"
"2017-04-26 02:34:15","68.46"
"2017-04-26 02:39:20","68.46"
"2017-04-26 02:44:26","68.46"
"2017-04-26 02:49:31","68.46"
"2017-04-26 02:54:36","68.46"
"2017-04-26 02:59:43","68.46"
"2017-04-26 03:04:49","69.01"
"2017-04-26 03:09:53","69.01"
"2017-04-26 03:14:59","69.01"
"2017-04-26 03:20:04","69.01"
"2017-04-26 03:25:09","69.01"
"2017-04-26 03:30:14","69.01"
"2017-04-26 03:35:22","69.07"
"2017-04-26 03:40:27","69.07"
"2017-04-26 03:45:32","69.07"
"2017-04-26 03:50:38","69.07"
"2017-04-26 03:55:43","69.07"
"2017-04-26 04:00:49","69.07"
"2017-04-26 04:05:53","69.07"
"2017-04-26 04:11:01","69.37"
"2017-04-26 04:16:06","69.37"
"2017-04-26 04:21:11","69.37"
"2017-04-26 04:26:16","69.37"
"2017-04-26 04:31:21","69.37"
"2017-04-26 04:36:26","69.37"
"2017-04-26 04:41:33","69.43"
"2017-04-26 04:46:38","69.43"
"2017-04-26 04:51:44","69.43"
"2017-04-26 04:56:49","69.43"
"2017-04-26 05:01:55","69.43"
"2017-04-26 05:06:59","69.43"
"2017-04-26 05:12:07","70.17"
"2017-04-26 05:17:12","70.17"
"2017-04-26 05:22:17","70.17"
"2017-04-26 05:27:22","70.17"
"2017-04-26 05:32:28","70.17"
"2017-04-26 05:37:33","70.17"
"2017-04-26 05:42:40","70.23"
"2017-04-26 05:47:45","70.23"
"2017-04-26 05:52:50","70.23"
"2017-04-26 05:57:55","70.23"
"2017-04-26 06:03:01","70.23"
"2017-04-26 06:08:06","70.23"
"2017-04-26 06:13:13","70.29"
"2017-04-26 06:18:18","70.29"
"2017-04-26 06:23:23","70.29"
"2017-04-26 06:28:29","70.29"
"2017-04-26 06:33:34","70.29"
"2017-04-26 06:38:39","70.29"
"2017-04-26 06:43:47","70.72"
"2017-04-26 06:48:52","70.72"
"2017-04-26 06:53:57","70.72"
"2017-04-26 06:59:02","70.72"
"2017-04-26 07:04:08","70.72"
"2017-04-26 07:09:12","70.72"
"2017-04-26 07:14:20","70.9"
"2017-04-26 07:19:25","70.9"
"2017-04-26 07:24:30","70.9"
"2017-04-26 07:29:35","70.9"
"2017-04-26 07:34:41","70.9"
"2017-04-26 07:39:46","70.9"
"2017-04-26 07:44:51","70.9"
"2017-04-26 07:49:58","71.02"
"2017-04-26 07:55:04","71.02"
"2017-04-26 08:00:09","71.02"
"2017-04-26 08:05:14","71.02"
"2017-04-26 08:10:20","71.02"
"2017-04-26 08:15:24","71.02"
"2017-04-26 08:20:32","70.78"
"2017-04-26 08:25:37","70.78"
"2017-04-26 08:30:43","70.78"
"2017-04-26 08:35:47","70.78"
"2017-04-26 08:40:52","70.78"
"2017-04-26 08:46:00","65.71"
"2017-04-26 08:51:05","65.71"
"2017-04-26 08:56:10","65.71"
"2017-04-26 09:01:15","65.71"
"2017-04-26 09:06:20","65.71"
"2017-04-26 09:11:26","65.71"
"2017-04-26 09:16:33","62.17"
"2017-04-26 09:21:38","62.17"
"2017-04-26 09:26:43","62.17"
"2017-04-26 09:31:48","62.17"
"2017-04-26 09:36:53","62.17"
"2017-04-26 09:41:58","62.17"
"2017-04-26 09:47:05","61.32"
"2017-04-26 09:52:10","61.32"
"2017-04-26 09:57:15","61.32"
"2017-04-26 10:02:20","61.32"
"2017-04-26 10:07:26","61.32"
"2017-04-26 10:12:31","61.32"
"2017-04-26 10:17:36","61.32"
"2017-04-26 10:22:43","62.84"
"2017-04-26 10:27:48","62.84"
"2017-04-26 10:32:53","62.84"
"2017-04-26 10:37:58","62.84"
"2017-04-26 10:43:03","62.84"
"2017-04-26 10:48:09","62.84"
"2017-04-26 10:53:16","62.42"
"2017-04-26 10:58:23","67.48"
"2017-04-26 11:03:31","67.48"
"2017-04-26 11:08:34","67.48"
"2017-04-26 11:13:39","67.48"
"2017-04-26 11:18:44","67.48"
"2017-04-26 11:23:49","67.48"
"2017-04-26 11:28:57","64.67"
"2017-04-26 11:34:01","64.67"
"2017-04-26 11:39:06","64.67"
"2017-04-26 11:44:11","64.67"
"2017-04-26 11:49:17","64.67"
"2017-04-26 11:54:22","64.67"
"2017-04-26 11:59:29","59.67"
"2017-04-26 12:04:37","59.67"
"2017-04-26 12:09:39","59.67"
"2017-04-26 12:14:44","59.67"
"2017-04-26 12:19:49","59.67"
"2017-04-26 12:24:54","59.67"
"2017-04-26 12:30:02","57.9"
"2017-04-26 12:35:06","57.9"
"2017-04-26 12:40:12","57.9"
"2017-04-26 12:45:17","57.9"
"2017-04-26 12:50:22","57.9"
"2017-04-26 12:55:27","57.9"
"2017-04-26 13:00:35","56.68"
"2017-04-26 13:05:43","56.68"
"2017-04-26 13:10:45","56.68"
"2017-04-26 13:15:50","56.68"
"2017-04-26 13:20:55","56.68"
"2017-04-26 13:26:00","56.68"
"2017-04-26 13:31:08","56.92"
"2017-04-26 13:36:13","56.92"
"2017-04-26 13:41:18","56.92"
"2017-04-26 13:46:23","56.92"
"2017-04-26 13:51:28","56.92"
"2017-04-26 13:56:33","56.92"
"2017-04-26 14:01:39","56.92"
"2017-04-26 14:06:46","55.88"
"2017-04-26 14:11:51","55.88"
"2017-04-26 14:16:56","55.88"
"2017-04-26 14:22:02","55.88"
"2017-04-26 14:27:07","55.88"
"2017-04-26 14:32:12","55.88"
"2017-04-26 14:37:20","54.79"
"2017-04-26 14:42:26","54.79"
"2017-04-26 14:47:31","54.79"
"2017-04-26 14:52:36","54.79"
"2017-04-26 14:57:42","54.79"
"2017-04-26 15:02:47","54.79"
"2017-04-26 15:07:55","54.42"
"2017-04-26 15:13:00","54.42"
"2017-04-26 15:18:05","54.42"
"2017-04-26 15:23:10","54.42"
"2017-04-26 15:28:16","54.42"
"2017-04-26 15:33:22","54.42"
"2017-04-26 15:38:29","54.85"
"2017-04-26 15:43:34","54.85"
"2017-04-26 15:48:40","54.85"
"2017-04-26 15:53:45","54.85"
"2017-04-26 15:58:51","54.85"
"2017-04-26 16:03:56","54.85"
"2017-04-26 16:09:04","53.69"
"2017-04-26 16:14:09","53.69"
"2017-04-26 16:19:15","53.69"
"2017-04-26 16:24:23","58.75"
"2017-04-26 16:29:28","58.75"
"2017-04-26 16:34:33","58.75"
"2017-04-26 16:39:39","58.75"
"2017-04-26 16:44:47","63.76"
"2017-04-26 16:49:52","63.76"
"2017-04-26 16:54:59","63.76"
"2017-04-26 17:00:03","63.76"
"2017-04-26 17:05:08","63.76"
"2017-04-26 17:10:13","63.76"
"2017-04-26 17:15:21","64.12"
"2017-04-26 17:20:27","64.12"
"2017-04-26 17:25:32","64.12"
"2017-04-26 17:30:38","64.12"
"2017-04-26 17:36:27","64.12"
"2017-04-26 17:56:07","64.06"
"2017-04-26 18:01:12","64.06"
"2017-04-26 18:06:17","64.06"
"2017-04-26 18:11:23","64.06"
"2017-04-26 18:16:31","65.22"
"2017-04-26 18:21:38","60.16"
"2017-04-26 18:26:43","60.16"
"2017-04-26 18:31:49","60.16"
"2017-04-26 18:36:54","60.16"
"2017-04-26 18:42:00","60.16"
"2017-04-26 18:47:06","60.16"
"2017-04-26 18:52:13","55.15"
"2017-04-26 18:57:19","55.15"
"2017-04-26 19:02:24","55.15"
"2017-04-26 19:07:29","55.15"
"2017-04-26 19:12:34","55.15"
"2017-04-26 19:17:40","55.15"
"2017-04-26 19:22:47","54.48"
"2017-04-26 19:27:53","54.48"
"2017-04-26 19:32:58","54.48"
"2017-04-26 19:38:04","54.48"
"2017-04-26 19:43:10","54.48"
"2017-04-26 19:48:14","54.48"
"2017-04-26 19:53:23","54.3"
"2017-04-26 19:58:27","54.3"
"2017-04-26 20:03:33","54.3"
"2017-04-26 20:08:41","59.3"
"2017-04-26 20:13:46","59.3"
"2017-04-26 20:18:51","59.3"
"2017-04-26 20:23:57","59.3"
"2017-04-26 20:29:02","59.3"
"2017-04-26 20:34:08","59.3"
"2017-04-26 20:39:16","61.32"
"2017-04-26 20:44:20","61.32"
"2017-04-26 20:49:26","61.32"
"2017-04-26 20:54:31","61.32"
"2017-04-26 20:59:37","61.32"
"2017-04-26 21:04:42","61.32"
"2017-04-26 21:09:50","63.03"
"2017-04-26 21:14:55","63.03"
"2017-04-26 21:20:00","63.03"
"2017-04-26 21:25:05","63.03"
"2017-04-26 21:30:11","63.03"
"2017-04-26 21:35:17","63.03"
"2017-04-26 21:40:26","64.31"
"2017-04-26 21:45:29","64.31"
"2017-04-26 21:50:35","64.31"
"2017-04-26 21:55:40","64.31"
"2017-04-26 22:00:45","64.31"
"2017-04-26 22:05:50","64.31"
"2017-04-26 22:10:56","64.31"
"2017-04-26 22:16:04","65.16"
"2017-04-26 22:21:09","65.16"
"2017-04-26 22:26:14","65.16"
"2017-04-26 22:31:19","65.16"
"2017-04-26 22:36:26","65.16"
"2017-04-26 22:41:30","65.16"
"2017-04-26 22:46:38","66.08"
"2017-04-26 22:51:42","66.08"
"2017-04-26 22:56:48","66.08"
"2017-04-26 23:01:53","66.08"
"2017-04-26 23:06:58","66.08"
"2017-04-26 23:12:03","66.08"
"2017-04-26 23:17:11","66.93"
"2017-04-26 23:22:16","66.93"
"2017-04-26 23:27:22","66.93"
"2017-04-26 23:32:27","66.93"
"2017-04-26 23:37:32","66.93"
"2017-04-26 23:42:37","66.93"
"2017-04-26 23:47:45","67.79"
"2017-04-26 23:52:50","67.79"
"2017-04-26 23:57:55","67.79"
"2017-04-27 00:03:01","67.79"
"2017-04-27 00:08:06","67.79"
"2017-04-27 00:13:11","67.79"
"2017-04-27 00:18:19","69.43"
"2017-04-27 00:23:24","69.43"
"2017-04-27 00:28:29","69.43"
"2017-04-27 00:33:37","69.43"
"2017-04-27 00:38:39","69.43"
"2017-04-27 00:43:45","69.43"
"2017-04-27 00:48:53","69.98"
"2017-04-27 00:53:57","69.98"
"2017-04-27 00:59:03","69.98"
"2017-04-27 01:04:08","69.98"
"2017-04-27 01:09:13","69.98"
"2017-04-27 01:14:19","69.98"
"2017-04-27 01:19:26","70.78"
"2017-04-27 01:24:31","70.78"
"2017-04-27 01:29:37","70.78"
"2017-04-27 01:34:43","70.78"
"2017-04-27 01:39:47","70.78"
"2017-04-27 01:44:53","70.78"
"2017-04-27 01:49:57","70.78"
"2017-04-27 01:55:05","71.57"
"2017-04-27 02:00:10","71.57"
"2017-04-27 02:05:16","71.57"
"2017-04-27 02:10:21","71.57"
"2017-04-27 02:15:26","71.57"
"2017-04-27 02:20:31","71.57"
"2017-04-27 02:25:38","72"
"2017-04-27 02:30:43","72"
"2017-04-27 02:35:49","72"
"2017-04-27 02:40:54","72"
"2017-04-27 02:45:59","72"
"2017-04-27 02:51:04","72"
"2017-04-27 02:56:12","73.65"
"2017-04-27 03:01:16","73.65"
"2017-04-27 03:06:22","73.65"
"2017-04-27 03:11:27","73.65"
"2017-04-27 03:16:32","73.65"
"2017-04-27 03:21:37","73.65"
"2017-04-27 03:26:44","74.32"
"2017-04-27 03:31:49","74.32"
"2017-04-27 03:36:56","74.32"
"2017-04-27 03:41:59","74.32"
"2017-04-27 03:47:04","74.32"
"2017-04-27 03:52:09","74.32"
"2017-04-27 03:57:17","73.46"
"2017-04-27 04:02:22","73.46"
"2017-04-27 04:07:27","73.46"
"2017-04-27 04:12:32","73.46"
"2017-04-27 04:17:37","73.46"
"2017-04-27 04:22:42","73.46"
"2017-04-27 04:27:49","72.91"
"2017-04-27 04:32:54","72.91"
"2017-04-27 04:38:02","72.91"
"2017-04-27 04:43:04","72.91"
"2017-04-27 04:48:09","72.91"
"2017-04-27 04:53:15","72.91"
"2017-04-27 04:58:22","72.43"
"2017-04-27 05:03:27","72.43"
"2017-04-27 05:08:32","72.43"
"2017-04-27 05:13:37","72.43"
"2017-04-27 05:18:42","72.43"
"2017-04-27 05:23:47","72.43"
"2017-04-27 05:28:52","72.43"
"2017-04-27 05:33:59","72"
"2017-04-27 05:39:07","72"
"2017-04-27 05:44:10","72"
"2017-04-27 05:49:15","72"
"2017-04-27 05:54:20","72"
"2017-04-27 05:59:25","72"
"2017-04-27 06:04:32","71.75"
"2017-04-27 06:09:37","71.75"
"2017-04-27 06:14:43","71.75"
"2017-04-27 06:19:48","71.75"
"2017-04-27 06:24:53","71.75"
"2017-04-27 06:29:58","71.75"
"2017-04-27 06:35:05","72.12"
"2017-04-27 06:40:10","72.12"
"2017-04-27 06:45:15","72.12"
"2017-04-27 06:50:20","72.12"
"2017-04-27 06:55:25","72.12"
"2017-04-27 07:00:30","72.12"
"2017-04-27 07:05:38","71.94"
"2017-04-27 07:10:43","71.94"
"2017-04-27 07:15:48","71.94"
"2017-04-27 07:20:53","71.94"
"2017-04-27 07:25:58","71.94"
"2017-04-27 07:31:03","71.94"
"2017-04-27 07:36:10","72"
"2017-04-27 07:41:15","72"
"2017-04-27 07:46:20","72"
"2017-04-27 07:51:25","72"
"2017-04-27 07:56:30","72"
"2017-04-27 08:01:36","72"
"2017-04-27 08:06:43","71.94"
"2017-04-27 08:11:48","71.94"
"2017-04-27 08:16:53","71.94"
"2017-04-27 08:21:58","71.94"
"2017-04-27 08:27:03","71.94"
"2017-04-27 08:32:08","71.94"
"2017-04-27 08:37:15","72.12"
"2017-04-27 08:42:20","72.12"
"2017-04-27 08:47:27","72.12"
"2017-04-27 08:52:30","72.12"
"2017-04-27 08:57:35","72.12"
"2017-04-27 09:02:40","72.12"
"2017-04-27 09:07:45","72.12"
"2017-04-27 09:12:52","72.12"
"2017-04-27 09:17:57","72.12"
"2017-04-27 09:23:02","72.12"
"2017-04-27 09:28:07","72.12"
"2017-04-27 09:33:12","72.12"
"2017-04-27 09:38:17","72.12"
"2017-04-27 11:45:53","65.83"
"2017-04-27 11:51:29","65.83"
"2017-04-27 11:56:06","67.85"
"2017-04-27 12:01:11","67.85"
"2017-04-27 12:06:16","67.85"
"2017-04-27 12:11:22","67.85"
"2017-04-27 12:16:27","67.85"
"2017-04-27 12:21:32","67.85"
"2017-04-27 12:26:40","64.31"
"2017-04-27 12:31:45","64.31"
"2017-04-27 12:36:50","64.31"
"2017-04-27 12:41:55","64.31"
"2017-04-27 12:47:00","64.31"
"2017-04-27 12:52:06","64.31"
"2017-04-27 12:57:13","61.87"
"2017-04-27 13:02:18","61.87"
"2017-04-27 13:07:24","61.87"
"2017-04-27 13:12:29","61.87"
"2017-04-27 13:17:34","61.87"
"2017-04-27 13:22:39","61.87"
"2017-04-27 13:27:47","58.45"
"2017-04-27 13:32:52","58.45"
"2017-04-27 13:37:57","58.45"
"2017-04-27 13:43:03","58.45"
"2017-04-27 13:48:08","58.45"
"2017-04-27 13:58:21","56.56"
"2017-04-27 14:03:26","56.56"
"2017-04-27 14:08:31","56.56"
"2017-04-27 14:13:36","56.56"
"2017-04-27 14:18:42","56.56"
"2017-04-27 14:23:47","56.56"
"2017-04-27 14:28:57","57.29"
"2017-04-27 14:34:02","57.29"
"2017-04-27 14:39:07","57.29"
"2017-04-27 14:44:12","57.29"
"2017-04-27 14:49:17","57.29"
"2017-04-27 14:54:23","57.29"
"2017-04-27 14:59:31","62.29"
"2017-04-27 15:04:36","62.29"
"2017-04-27 15:09:41","62.29"
"2017-04-27 15:14:46","62.29"
"2017-04-27 15:19:51","62.29"
"2017-04-27 15:24:57","62.29"
"2017-04-27 15:30:04","62.35"
"2017-04-27 15:35:09","62.35"
"2017-04-27 15:40:15","62.35"
"2017-04-27 15:45:20","62.35"
"2017-04-27 15:50:25","62.35"
"2017-04-27 15:55:30","62.35"
"2017-04-27 16:00:38","63.7"
"2017-04-27 16:05:43","63.7"
"2017-04-27 16:10:48","63.7"
"2017-04-27 16:15:53","63.7"
"2017-04-27 16:20:58","63.7"
"2017-04-27 16:26:04","63.7"
"2017-04-27 16:31:11","66.14"
"2017-04-27 16:36:16","66.14"
"2017-04-27 16:41:21","66.14"
"2017-04-27 16:46:26","66.14"
"2017-04-27 16:51:31","66.14"
"2017-04-27 16:56:36","66.14"
"2017-04-27 17:01:44","66.69"
"2017-04-27 17:42:28","62.48"
"2017-04-27 17:47:33","62.48"
"2017-04-27 17:52:39","62.48"
"2017-04-27 17:57:44","62.48"
"2017-04-27 18:02:52","62.05"
"2017-04-27 18:07:57","62.05"
"2017-04-27 18:13:02","62.05"
"2017-04-27 18:18:07","62.05"
"2017-04-27 18:23:13","62.05"
"2017-04-27 18:28:18","62.05"
"2017-04-27 18:33:25","64.49"
"2017-04-27 18:38:30","64.49"
"2017-04-27 18:43:35","64.49"
"2017-04-27 18:48:41","64.49"
"2017-04-27 18:53:46","64.49"
"2017-04-27 18:58:51","64.49"
"2017-04-27 19:03:56","64.49"
"2017-04-27 19:09:04","68.21"
"2017-04-27 19:14:08","68.21"
"2017-04-27 19:19:16","63.21"
"2017-04-27 19:24:21","63.21"
"2017-04-27 19:29:26","63.21"
"2017-04-27 19:34:31","63.21"
"2017-04-27 19:39:37","63.21"
"2017-04-27 19:44:44","68.21"
"2017-04-27 19:49:49","68.21"
"2017-04-27 19:54:55","68.21"
"2017-04-27 20:00:00","68.21"
"2017-04-27 20:05:05","68.21"
"2017-04-27 20:10:11","68.21"
"2017-04-27 20:15:18","68.09"
"2017-04-27 20:20:24","68.09"
"2017-04-27 20:25:29","68.09"
"2017-04-27 20:30:34","68.09"
"2017-04-27 20:35:39","68.09"
"2017-04-27 20:40:44","68.09"
"2017-04-27 20:45:52","71.94"
"2017-04-27 20:50:58","71.94"
"2017-04-27 20:56:02","71.94"
"2017-04-27 21:01:08","71.94"
"2017-04-27 21:06:13","71.94"
"2017-04-27 21:11:18","71.94"
"2017-04-27 21:16:26","73.58"
"2017-04-27 21:21:32","73.58"
"2017-04-27 21:26:37","73.58"
"2017-04-27 21:31:42","73.58"
"2017-04-27 21:36:47","73.58"
"2017-04-27 21:41:53","73.58"
"2017-04-27 21:47:01","74.01"
"2017-04-27 21:52:06","74.01"
"2017-04-27 21:57:11","74.01"
"2017-04-27 22:02:16","74.01"
"2017-04-27 22:07:22","74.01"
"2017-04-27 22:12:27","74.01"
"2017-04-27 22:17:35","73.95"
"2017-04-27 22:22:40","73.95"
"2017-04-27 22:27:45","73.95"
"2017-04-27 22:32:51","73.95"
"2017-04-27 22:37:56","73.95"
"2017-04-27 22:43:02","73.95"
"2017-04-27 22:48:09","74.01"
"2017-04-27 22:53:14","74.01"
"2017-04-27 22:58:20","74.01"
"2017-04-27 23:03:25","74.01"
"2017-04-27 23:08:31","74.01"
"2017-04-27 23:13:36","74.01"
"2017-04-27 23:18:42","74.01"
"2017-04-27 23:23:49","70.66"
"2017-04-27 23:28:54","70.66"
"2017-04-27 23:34:00","70.66"
"2017-04-27 23:39:05","70.66"
"2017-04-27 23:44:10","70.66"
"2017-04-27 23:49:15","70.66"
"2017-04-27 23:54:23","74.38"
"2017-04-27 23:59:28","74.38"
"2017-04-28 00:04:33","74.38"
"2017-04-28 00:09:38","74.38"
"2017-04-28 00:14:43","74.38"
"2017-04-28 00:19:49","74.38"
"2017-04-28 00:24:56","76.58"
"2017-04-28 00:30:01","76.58"
"2017-04-28 00:35:06","76.58"
"2017-04-28 00:40:14","71.51"
"2017-04-28 00:45:19","71.51"
"2017-04-28 00:50:27","76.51"
"2017-04-28 00:55:32","76.51"
"2017-04-28 01:00:37","76.51"
"2017-04-28 01:05:42","76.51"
"2017-04-28 01:10:47","76.51"
"2017-04-28 01:15:53","76.51"
"2017-04-28 01:21:00","77.55"
"2017-04-28 01:26:05","77.55"
"2017-04-28 01:31:11","77.55"
"2017-04-28 01:36:18","72.49"
"2017-04-28 01:41:23","72.49"
"2017-04-28 01:46:31","77.49"
"2017-04-28 01:51:36","77.49"
"2017-04-28 01:56:42","77.49"
"2017-04-28 02:01:47","77.49"
"2017-04-28 02:06:55","72.43"
"2017-04-28 02:12:00","72.43"
"2017-04-28 02:17:07","77.43"
"2017-04-28 02:22:12","77.43"
"2017-04-28 02:27:18","77.43"
"2017-04-28 02:32:23","77.43"
"2017-04-28 02:37:29","77.43"
"2017-04-28 02:42:34","77.43"
"2017-04-28 02:47:42","78.28"
"2017-04-28 02:52:47","78.28"
"2017-04-28 02:57:52","78.28"
"2017-04-28 03:02:58","78.28"
"2017-04-28 03:08:06","73.16"
"2017-04-28 03:13:11","73.16"
"2017-04-28 03:18:19","78.16"
"2017-04-28 03:23:24","78.16"
"2017-04-28 03:28:29","78.16"
"2017-04-28 03:33:37","73.1"
"2017-04-28 03:38:42","73.1"
"2017-04-28 03:43:48","73.1"
"2017-04-28 03:48:55","78.1"
"2017-04-28 03:54:00","78.1"
"2017-04-28 03:59:05","78.1"
"2017-04-28 04:04:13","73.1"
"2017-04-28 04:09:18","73.1"
"2017-04-28 04:14:26","78.1"
"2017-04-28 04:19:31","78.1"
"2017-04-28 04:24:36","78.1"
"2017-04-28 04:29:42","78.1"
"2017-04-28 04:34:47","78.1"
"2017-04-28 04:39:54","73.04"
"2017-04-28 04:45:02","78.04"
"2017-04-28 04:50:07","78.04"
"2017-04-28 04:55:12","78.04"
"2017-04-28 05:00:18","78.04"
"2017-04-28 05:05:23","78.04"
"2017-04-28 05:10:31","72.97"
"2017-04-28 05:15:36","72.97"
"2017-04-28 05:20:44","77.98"
"2017-04-28 05:25:49","77.98"
"2017-04-28 05:30:54","77.98"
"2017-04-28 05:35:59","77.98"
"2017-04-28 05:41:07","72.97"
"2017-04-28 05:46:12","72.97"
"2017-04-28 05:51:19","77.98"
"2017-04-28 05:56:24","77.98"
"2017-04-28 06:01:30","77.98"
"2017-04-28 06:06:35","77.98"
"2017-04-28 06:11:40","77.98"
"2017-04-28 06:16:45","77.98"
"2017-04-28 06:21:53","78.1"
"2017-04-28 06:26:58","78.1"
"2017-04-28 06:32:03","78.1"
"2017-04-28 06:37:08","78.1"
"2017-04-28 06:42:16","72.97"
"2017-04-28 06:47:21","72.97"
"2017-04-28 06:52:29","78.04"
"2017-04-28 06:57:34","78.04"
"2017-04-28 07:02:39","78.04"
"2017-04-28 07:07:44","78.04"
"2017-04-28 07:12:49","78.04"
"2017-04-28 07:17:55","78.04"
"2017-04-28 07:23:02","78.53"
"2017-04-28 07:28:08","78.53"
"2017-04-28 07:33:13","78.53"
"2017-04-28 07:38:18","78.53"
"2017-04-28 07:43:23","78.53"
"2017-04-28 07:48:28","78.53"
"2017-04-28 07:53:36","78.77"
"2017-04-28 07:58:41","78.77"
"2017-04-28 08:03:46","78.77"
"2017-04-28 08:08:52","78.77"
"2017-04-28 08:13:59","73.77"
"2017-04-28 08:19:04","73.77"
"2017-04-28 08:24:12","78.77"
"2017-04-28 08:29:17","78.77"
"2017-04-28 08:34:23","78.77"
"2017-04-28 08:39:28","78.77"
"2017-04-28 08:44:33","78.77"
"2017-04-28 08:49:39","78.77"
"2017-04-28 08:54:46","79.63"
"2017-04-28 08:59:52","79.63"
"2017-04-28 09:04:57","79.63"
"2017-04-28 09:10:05","74.56"
"2017-04-28 09:15:10","74.56"
"2017-04-28 09:20:15","74.56"
"2017-04-28 09:25:24","69.56"
"2017-04-28 09:30:28","69.56"
"2017-04-28 09:35:33","69.56"
"2017-04-28 09:40:39","69.56"
"2017-04-28 09:45:44","69.56"
"2017-04-28 09:50:49","69.56"
"2017-04-28 09:55:57","73.89"
"2017-04-28 10:01:02","73.89"
"2017-04-28 10:06:07","73.89"
"2017-04-28 10:11:13","73.89"
"2017-04-28 10:16:18","73.89"
"2017-04-28 10:21:23","73.89"
"2017-04-28 10:26:31","74.26"
"2017-04-28 10:31:36","74.26"
"2017-04-28 10:36:41","74.26"
"2017-04-28 10:41:47","74.26"
"2017-04-28 10:46:51","74.26"
"2017-04-28 10:51:56","74.26"
"2017-04-28 10:57:02","74.26"
"2017-04-28 11:02:09","74.07"
"2017-04-28 11:07:14","74.07"
"2017-04-28 11:12:19","74.07"
"2017-04-28 11:17:25","74.07"
"2017-04-28 11:22:30","74.07"
"2017-04-28 11:27:35","74.07"
"2017-04-28 11:32:43","74.01"
"2017-04-28 11:37:47","74.01"
"2017-04-28 11:42:52","74.01"
"2017-04-28 11:47:57","74.01"
"2017-04-28 11:53:02","74.01"
"2017-04-28 11:58:08","74.01"
"2017-04-28 12:03:15","74.13"
"2017-04-28 12:08:20","74.13"
"2017-04-28 12:13:25","74.13"
"2017-04-28 12:18:30","74.13"
"2017-04-28 12:23:35","74.13"
"2017-04-28 12:28:40","74.13"
"2017-04-28 12:33:48","69.56"
"2017-04-28 12:38:53","69.56"
"2017-04-28 12:43:58","69.56"
"2017-04-28 12:49:03","69.56"
"2017-04-28 12:54:09","69.56"
"2017-04-28 12:59:14","69.56"
"2017-04-28 13:04:22","69.98"
"2017-04-28 13:09:27","69.98"
"2017-04-28 13:14:32","69.98"
"2017-04-28 13:19:38","69.98"
"2017-04-28 13:24:43","69.98"
"2017-04-28 13:29:49","69.98"
"2017-04-28 13:34:56","70.23"
"2017-04-28 13:40:02","70.23"
"2017-04-28 13:45:07","70.23"
"2017-04-28 13:50:12","70.23"
"2017-04-28 13:55:18","70.23"
"2017-04-28 14:00:23","70.23"
"2017-04-28 14:05:31","70.04"
"2017-04-28 14:10:36","70.04"
"2017-04-28 14:15:42","70.04"
"2017-04-28 14:20:47","70.04"
"2017-04-28 14:25:52","70.04"
"2017-04-28 14:30:57","70.04"
"2017-04-28 14:36:05","75.05"
"2017-04-28 14:41:10","75.05"
"2017-04-28 14:46:16","75.05"
"2017-04-28 14:51:21","75.05"
"2017-04-28 14:56:26","75.05"
"2017-04-28 15:01:32","75.05"
"2017-04-28 15:06:37","75.05"
"2017-04-28 15:11:45","74.99"
"2017-04-28 15:16:50","74.99"
"2017-04-28 15:21:55","74.99"
"2017-04-28 15:27:00","74.99"
"2017-04-28 15:32:06","74.99"
"2017-04-28 15:37:11","74.99"
"2017-04-28 15:42:19","75.66"
"2017-04-28 15:47:23","75.66"
"2017-04-28 15:52:29","75.66"
"2017-04-28 15:57:34","75.66"
"2017-04-28 16:02:39","75.66"
"2017-04-28 16:07:44","75.66"
"2017-04-28 16:12:51","76.33"
"2017-04-28 16:17:56","76.33"
"2017-04-28 16:23:02","76.33"
"2017-04-28 16:28:07","76.33"
"2017-04-28 16:33:12","76.33"
"2017-04-28 16:38:17","76.33"
"2017-04-28 16:43:25","76.58"
"2017-04-28 16:48:29","76.58"
"2017-04-28 16:53:34","76.58"
"2017-04-28 16:58:40","76.58"
"2017-04-28 17:03:45","76.58"
"2017-04-28 17:08:50","76.58"
"2017-04-28 17:13:57","75.84"
"2017-04-28 17:19:02","75.84"
"2017-04-28 17:24:07","75.84"
"2017-04-28 17:29:12","75.84"
"2017-04-28 17:34:18","75.84"
"2017-04-28 17:39:23","75.84"
"2017-04-28 17:44:30","74.13"
"2017-04-28 17:49:35","74.13"
"2017-04-28 17:54:40","74.13"
"2017-04-28 17:59:46","74.13"
"2017-04-28 18:04:51","74.13"
"2017-04-28 18:09:56","74.13"
"2017-04-28 18:15:03","72.49"
"2017-04-28 18:20:08","72.49"
"2017-04-28 18:25:13","72.49"
"2017-04-28 18:30:18","72.49"
"2017-04-28 18:35:23","72.49"
"2017-04-28 18:40:28","72.49"
"2017-04-28 18:45:35","69.92"
"2017-04-28 18:50:40","69.92"
"2017-04-28 18:55:45","69.92"
"2017-04-28 19:00:50","69.92"
"2017-04-28 19:05:56","69.92"
"2017-04-28 19:11:01","69.92"
"2017-04-28 19:16:06","69.92"
"2017-04-28 19:21:13","68.34"
"2017-04-28 19:26:18","68.34"
"2017-04-28 19:31:23","68.34"
"2017-04-28 19:36:28","68.34"
"2017-04-28 19:41:33","68.34"
"2017-04-28 19:46:38","68.34"
"2017-04-28 19:51:46","68.64"
"2017-04-28 19:56:51","68.64"
"2017-04-28 20:01:56","68.64"
"2017-04-28 20:07:01","68.64"
"2017-04-28 20:12:06","68.64"
"2017-04-28 20:17:11","68.64"
"2017-04-28 20:22:18","68.95"
"2017-04-28 20:27:23","68.95"
"2017-04-28 20:32:28","68.95"
"2017-04-28 20:37:33","68.95"
"2017-04-28 20:42:38","68.95"
"2017-04-28 20:47:43","68.95"
"2017-04-28 20:52:50","69.25"
"2017-04-28 20:57:55","69.25"
"2017-04-28 21:03:00","69.25"
"2017-04-28 21:08:05","69.25"
"2017-04-28 21:13:10","69.25"
"2017-04-28 21:18:15","69.25"
"2017-04-28 21:23:23","69.56"
"2017-04-28 21:28:28","69.56"
"2017-04-28 21:33:33","69.56"
"2017-04-28 21:38:38","69.56"
"2017-04-28 21:43:43","69.56"
"2017-04-28 21:48:47","69.56"
"2017-04-28 21:53:55","70.04"
"2017-04-28 21:59:00","70.04"
"2017-04-28 22:04:05","70.04"
"2017-04-28 22:09:10","70.04"
"2017-04-28 22:14:15","70.04"
"2017-04-28 22:19:20","70.04"
"2017-04-28 22:24:27","70.59"
"2017-04-28 22:29:32","70.59"
"2017-04-28 22:34:37","70.59"
"2017-04-28 22:39:42","70.59"
"2017-04-28 22:44:47","70.59"
"2017-04-28 22:49:52","70.59"
"2017-04-28 22:54:57","70.59"
"2017-04-28 23:00:05","71.02"
"2017-04-28 23:05:09","71.02"
"2017-04-28 23:10:15","71.02"
"2017-04-28 23:15:19","71.02"
"2017-04-28 23:20:25","71.02"
"2017-04-28 23:25:30","71.02"
"2017-04-28 23:30:37","71.33"
"2017-04-28 23:35:42","71.33"
"2017-04-28 23:40:47","71.33"
"2017-04-28 23:45:52","71.33"
"2017-04-28 23:50:57","71.33"
"2017-04-28 23:56:01","71.33"